Drug,Biomarker Gene, Allele,rsID,MAS,YRI,BUR,HAN,JPN,KHL,KOR,BAI,NKB,PAP,ABM,AGH,BIR,BLR,BRA,BRU,CHK,DHR,DOR,GUJ,HAZ,HKR,ITU,IYE,JAM,JAR,KAM,KHA,KNR,KTA,KYD,LAM,LOD,MAA,MHR,MOG,MUR,ONG,ORN,PAT,PNY,RAJ,RTH,SND,SOB,SRB,SSI,STU,TOD,TTO,WBB,AET,ATI,BEN,CIB,DAI,KEN,KHV,KIN,MEN,MLY,NIA,RAM,SNS,TEM,GBR
Carbamazepine,HLA-B,*15:02,rs3130690,0.117647058824,0.1,0.0246913580247,0.111111111111,0.0,0.0,0.0340136054422,0.0,0.0454545454545,0.275,0.0,0.0,0.0,0.1,0.0,0.05,0.15,0.05,0.0,0.075,0.0,0.0,0.0833333333333,0.0,0.222222222222,0.222222222222,0.0,0.0,0.0,0.0,0.0,0.0,0.0454545454545,0.0454545454545,0.131578947368,0.138888888889,0.0,0.3,0.0357142857143,0.03125,0.0,0.0416666666667,0.0,0.0,0.0555555555556,0.0833333333333,0.114285714286,0.111111111111,0.0,0.125,0.0,0.25,0.333333333333,0.35,0.333333333333,0.12,0.1875,0.160714285714,0.09375,0.625,0.325,0.466666666667,0.315789473684,0.5,0.423076923077,0.259259259259
"Efavirenz, Methadone, Nevirapine",CYP2B6,NM_000767.4:c.*1421T>C,rs1042389,0.166666666667,0.283333333333,0.202380952381,0.289473684211,0.328571428571,0.208333333333,0.291390728477,0.25,0.318181818182,0.2,0.35,0.233333333333,0.214285714286,0.19696969697,0.181818181818,0.15,0.363636363636,0.3,0.25,0.225,0.375,0.4,0.211538461538,0.153846153846,0.277777777778,0.45,0.2,0.0909090909091,0.166666666667,0.4375,0.318181818182,0.227272727273,0.2,0.19696969697,0.236842105263,0.166666666667,0.222222222222,0.2,0.133333333333,0.235294117647,0.0909090909091,0.142857142857,0.375,0.0833333333333,0.333333333333,0.0769230769231,0.236842105263,0.166666666667,0.5,0.3125,0.35,0.206896551724,0.210526315789,0.3,0.375,0.38,0.4375,0.339285714286,0.21875,0.1875,0.24,0.533333333333,0.368421052632,0.111111111111,0.423076923077,0.196428571429
"Efavirenz, Methadone, Nevirapine",CYP2B6,NM_000767.4:c.823-62G>A,rs12721649,0.0277777777778,0.316666666667,0.0,0.0,0.0,0.0,0.0,0.0,0.0,0.0,0.0,0.0,0.0,0.0,0.0,0.0,0.0454545454545,0.0,0.0,0.0,0.0,0.0,0.0,0.0,0.0,0.0,0.0,0.0,0.0,0.0,0.0,0.0,0.0,0.0,0.0,0.0,0.0,0.0,0.0,0.0,0.0,0.0,0.0,0.0,0.0,0.0,0.0,0.0,0.0,0.0,0.0,0.0,0.0,0.0,0.0,0.0,0.0,0.0,0.0,0.0,0.0,0.0,0.0,0.0,0.0,0.0
"Efavirenz, Methadone, Nevirapine",CYP2B6,*2B,rs2279341,0.111111111111,0.0333333333333,0.0178571428571,0.0789473684211,0.114285714286,0.0416666666667,0.0298013245033,0.0,0.0,0.0,0.0909090909091,0.0,0.115384615385,0.0147058823529,0.0,0.0,0.0909090909091,0.0,0.0416666666667,0.025,0.0625,0.2,0.0769230769231,0.0,0.111111111111,0.15,0.0,0.0,0.142857142857,0.0,0.0454545454545,0.0,0.0,0.0294117647059,0.0526315789474,0.0,0.05,0.0,0.0333333333333,0.0882352941176,0.0,0.0,0.125,0.0416666666667,0.0555555555556,0.0,0.0526315789474,0.0,0.0,0.1875,0.0,0.051724137931,0.0526315789474,0.15,0.0416666666667,0.08,0.0,0.107142857143,0.03125,0.0,0.02,0.0,0.0263157894737,0.0,0.0833333333333,0.0535714285714
"Efavirenz, Methadone, Nevirapine",CYP2B6,NM_000767.4:c822+183G>A,rs2279344,0.888888888889,0.931034482759,0.708333333333,0.710526315789,0.771428571429,0.791666666667,0.629139072848,0.944444444444,0.727272727273,0.85,0.772727272727,0.866666666667,0.535714285714,0.764705882353,0.818181818182,0.8,0.818181818182,0.45,0.416666666667,0.85,0.75,0.85,0.730769230769,0.769230769231,0.777777777778,0.8,0.7,0.772727272727,0.75,0.75,0.772727272727,0.75,0.5,0.735294117647,0.763157894737,0.555555555556,0.55,0.954545454545,0.633333333333,0.676470588235,0.954545454545,0.821428571429,0.833333333333,0.958333333333,0.777777777778,0.884615384615,0.842105263158,0.777777777778,0.921052631579,0.5625,0.75,0.620689655172,0.631578947368,0.7,0.875,0.7,0.75,0.75,0.5,0.8125,0.765,0.866666666667,0.868421052632,0.5,0.692307692308,0.553571428571
"Efavirenz, Methadone, Nevirapine",CYP2B6,NM_000767.4:c.823-197T>C,rs2279345,0.666666666667,0.8,0.708333333333,0.710526315789,0.771428571429,0.791666666667,0.629139072848,0.805555555556,0.727272727273,0.825,0.772727272727,0.866666666667,0.535714285714,0.764705882353,0.818181818182,0.8,0.818181818182,0.45,0.5,0.85,0.75,0.85,0.730769230769,0.769230769231,0.777777777778,0.8,0.7,0.772727272727,0.75,0.75,0.772727272727,0.75,0.5,0.75,0.763157894737,0.555555555556,0.55,0.954545454545,0.633333333333,0.676470588235,0.954545454545,0.857142857143,0.833333333333,0.958333333333,0.777777777778,0.884615384615,0.828947368421,0.777777777778,0.921052631579,0.5625,0.75,0.603448275862,0.631578947368,0.7,0.875,0.7,0.75,0.75,0.5,0.75,0.76,0.866666666667,0.868421052632,0.5,0.653846153846,0.553571428571
"Efavirenz, Methadone, Nevirapine",CYP2B6,*16,rs28399499,0,0.137931034483,0.0,0.0,0.0,0.0,0.0,0.0,0.0,0.0,0.0,0.0,0.0,0.0,0.0,0.0,0.0,0.0,0.0,0.0,0.0,0.0,0.0,0.0,0.0,0.0,0.0,0.0,0.0,0.0,0.0,0.0,0.0,0.0,0.0,0.0,0.0,0.0,0.0,0.0,0.0,0.0,0.0,0.0,0.0,0.0,0.0,0.0,0.0,0.0,0.0,0.0,0.0,0.0,0.0,0.0,0.0,0.0,0.0,0.0,0.0,0.0,0.0,0.0,0.0,0.0
"Efavirenz, Methadone, Nevirapine",CYP2B6,*19,rs34826503,0,0.0,0.0,0.0,0.0142857142857,0.0,0.00331125827815,0.0,0.0,0.0,0.0,0.0,0.0,0.0,0.0,0.0,0.0,0.0,0.0,0.0,0.0,0.0,0.0,0.0,0.0,0.0,0.0,0.0,0.0,0.0,0.0,0.0,0.0,0.0,0.0,0.0,0.0,0.0,0.0,0.0,0.0,0.0,0.0,0.0,0.0,0.0,0.0,0.0,0.0,0.0,0.0,0.0,0.0,0.0,0.0,0.0,0.0,0.0,0.0,0.0,0.005,0.0,0.0,0.0,0.0,0.0
"Efavirenz, Methadone, Nevirapine",CYP2B6,NM_000767.4:c.136A>G,rs35303484,0,0.0,0.00595238095238,0.0,0.0,0.0,0.0,0.0,0.0,0.0,0.0,0.0,0.0,0.0151515151515,0.0,0.0,0.0,0.0,0.0,0.0,0.0,0.0,0.0,0.0,0.0,0.0,0.0,0.0,0.0,0.0,0.0,0.0,0.0,0.0147058823529,0.0,0.0,0.0,0.0,0.0,0.0,0.0,0.0,0.0,0.0,0.0,0.0,0.0,0.0,0.0,0.0,0.0,0.0,0.0,0.0,0.0,0.0,0.0,0.0,0.0,0.0,0.0,0.0,0.0,0.0,0.0,0.0
"Efavirenz, Methadone, Nevirapine",CYP2B6,*27,rs36079186,0.0277777777778,0.0,0.0,0.0,0.0,0.0,0.0,0.0,0.0,0.0,0.0,0.0,0.0,0.0,0.0,0.0,0.0,0.0,0.0,0.0,0.0,0.0,0.0,0.0,0.0,0.0,0.0,0.0,0.0,0.0,0.0,0.0,0.0,0.0147058823529,0.0,0.0,0.0,0.0,0.0333333333333,0.0,0.0,0.0,0.0,0.0,0.0,0.0,0.0131578947368,0.0,0.0,0.0,0.0,0.0,0.0,0.0,0.0,0.0,0.0,0.0,0.0,0.0,0.0,0.0,0.0,0.0,0.0,0.0
"Efavirenz, Methadone, Nevirapine",CYP2B6,NM_000767.4:c.172-3715T>C,rs3786547,0.444444444444,0.35,0.184523809524,0.105263157895,0.3,0.166666666667,0.168874172185,0.583333333333,0.5,0.6,0.318181818182,0.433333333333,0.214285714286,0.470588235294,0.272727272727,0.3,0.181818181818,0.15,0.25,0.375,0.15625,0.15,0.326923076923,0.384615384615,0.277777777778,0.45,0.1,0.636363636364,0.3,0.25,0.545454545455,0.333333333333,0.272727272727,0.455882352941,0.315789473684,0.138888888889,0.2,0.681818181818,0.466666666667,0.294117647059,0.5,0.464285714286,0.416666666667,0.583333333333,0.5,0.538461538462,0.421052631579,0.5,0.131578947368,0.1875,0.35,0.396551724138,0.289473684211,0.4,0.541666666667,0.32,0.375,0.303571428571,0.1875,0.5,0.395,0.166666666667,0.473684210526,0.111111111111,0.192307692308,0.25
"Efavirenz, Methadone, Nevirapine",CYP2B6,NM_000767.4:c.499C>G,rs3826711,0,0.0,0.0178571428571,0.0,0.0,0.0416666666667,0.00331125827815,0.0,0.0,0.0,0.0,0.0,0.0,0.0,0.0,0.0,0.0,0.0,0.0,0.0,0.0,0.0,0.0,0.0,0.0,0.0,0.0,0.0,0.0,0.0,0.0,0.0,0.0,0.0,0.0,0.0,0.0,0.0,0.0,0.0,0.0,0.0,0.0,0.0,0.0,0.0,0.0,0.0,0.0,0.0,0.0,0.0,0.0,0.0,0.0,0.0,0.0,0.0,0.0,0.0,0.0,0.0,0.0,0.0,0.0,0.0
"Efavirenz, Methadone, Nevirapine",CYP2B6,*1C,rs4803418,0.111111111111,0.05,0.559523809524,0.552631578947,0.357142857143,0.583333333333,0.470198675497,0.333333333333,0.318181818182,0.175,0.318181818182,0.433333333333,0.285714285714,0.323529411765,0.5,0.4,0.545454545455,0.3,0.166666666667,0.45,0.53125,0.5,0.34,0.384615384615,0.388888888889,0.3,0.6,0.136363636364,0.3,0.5,0.227272727273,0.458333333333,0.227272727273,0.25,0.342105263158,0.416666666667,0.3,0.272727272727,0.1,0.294117647059,0.318181818182,0.357142857143,0.291666666667,0.333333333333,0.222222222222,0.346153846154,0.302631578947,0.277777777778,0.842105263158,0.1875,0.4,0.196428571429,0.263157894737,0.15,0.333333333333,0.28,0.375,0.339285714286,0.125,0.3125,0.34,0.7,0.368421052632,0.333333333333,0.423076923077,0.267857142857
"Efavirenz, Methadone, Nevirapine",CYP2B6,*1C,rs4803419,0.0833333333333,0.0166666666667,0.559523809524,0.552631578947,0.357142857143,0.583333333333,0.470198675497,0.333333333333,0.318181818182,0.175,0.318181818182,0.433333333333,0.285714285714,0.30303030303,0.5,0.4,0.545454545455,0.3,0.166666666667,0.45,0.53125,0.5,0.326923076923,0.384615384615,0.388888888889,0.3,0.6,0.136363636364,0.321428571429,0.5,0.227272727273,0.458333333333,0.227272727273,0.25,0.342105263158,0.416666666667,0.3,0.272727272727,0.1,0.294117647059,0.318181818182,0.357142857143,0.291666666667,0.333333333333,0.222222222222,0.346153846154,0.302631578947,0.277777777778,0.842105263158,0.1875,0.4,0.189655172414,0.263157894737,0.15,0.333333333333,0.28,0.375,0.339285714286,0.125,0.3125,0.34,0.7,0.368421052632,0.333333333333,0.423076923077,0.267857142857
"Efavirenz, Methadone, Nevirapine",CYP2B6,NM_000767.4:c.*1355A>G,rs707265,0.805555555556,0.766666666667,0.666666666667,0.710526315789,0.771428571429,0.75,0.58940397351,0.944444444444,0.727272727273,0.95,0.863636363636,0.866666666667,0.428571428571,0.794117647059,0.8,0.8,0.636363636364,0.4,0.416666666667,0.9,0.71875,0.6,0.692307692308,0.769230769231,0.777777777778,0.8,0.7,0.818181818182,0.75,0.75,0.818181818182,0.75,0.590909090909,0.779411764706,0.763157894737,0.444444444444,0.55,0.95,0.607142857143,0.647058823529,0.954545454545,0.821428571429,0.833333333333,0.909090909091,0.777777777778,0.884615384615,0.815789473684,0.833333333333,0.921052631579,0.5625,0.75,0.568965517241,0.684210526316,0.6,0.833333333333,0.74,0.75,0.732142857143,0.5,0.75,0.755,0.866666666667,0.815789473684,0.5,0.625,0.553571428571
"Efavirenz, Methadone, Nevirapine",CYP2B6,*2,rs8192709,0.111111111111,0.0333333333333,0.0178571428571,0.0526315789474,0.117647058824,0.0416666666667,0.0298013245033,0.0,0.0,0.0,0.0454545454545,0.0,0.107142857143,0.0151515151515,0.0,0.0,0.0909090909091,0.0,0.0416666666667,0.025,0.0625,0.2,0.0576923076923,0.0,0.111111111111,0.15,0.0,0.0,0.142857142857,0.0,0.0454545454545,0.0,0.0,0.0294117647059,0.0263157894737,0.0,0.05,0.0,0.0333333333333,0.0882352941176,0.0,0.0,0.125,0.0416666666667,0.0555555555556,0.0,0.0394736842105,0.0,0.0,0.1875,0.0,0.120689655172,0.184210526316,0.15,0.0416666666667,0.08,0.0,0.0892857142857,0.03125,0.0,0.02,0.0,0.0526315789474,0.0555555555556,0.0769230769231,0.0535714285714
"Efavirenz, Methadone, Nevirapine",CYP2B6,*9,rs8192719,0.444444444444,0.366666666667,0.166666666667,0.105263157895,0.3,0.125,0.132450331126,0.583333333333,0.409090909091,0.65,0.409090909091,0.433333333333,0.142857142857,0.454545454545,0.227272727273,0.3,0.227272727273,0.15,0.208333333333,0.425,0.15625,0.15,0.307692307692,0.384615384615,0.277777777778,0.35,0.1,0.636363636364,0.3,0.25,0.5,0.291666666667,0.272727272727,0.426470588235,0.368421052632,0.138888888889,0.2,0.681818181818,0.466666666667,0.294117647059,0.590909090909,0.464285714286,0.454545454545,0.583333333333,0.5,0.538461538462,0.407894736842,0.5,0.0833333333333,0.1875,0.277777777778,0.379310344828,0.236842105263,0.4,0.5,0.34,0.375,0.303571428571,0.3125,0.5,0.4,0.166666666667,0.473684210526,0.166666666667,0.192307692308,0.232142857143
Tacrolimus,CYP3A4,*22,rs35599367,0,0.0,0.00595238095238,0.0,0.0,0.0,0.0,0.0,0.0,0.0,0.0454545454545,0.0,0.0,0.0441176470588,0.0,0.05,0.0,0.0,0.0,0.0,0.0333333333333,0.0,0.0,0.0,0.0,0.0,0.0,0.0,0.0,0.0,0.0,0.0,0.0,0.0147058823529,0.0,0.0,0.0,0.0,0.0,0.0,0.0,0.0,0.0,0.0,0.0,0.0384615384615,0.0,0.0,0.0,0.0,0.0,0.0,0.0,0.0,0.0,0.0,0.0,0.0,0.0,0.0,0.0,0.0,0.0,0.0,0.0,0.142857142857
"Tacrolimus, Atazanavir",CYP3A5,*6,rs10264272,0.194444444444,0.0833333333333,0.0,0.0,0.0,0.0,0.0,0.0,0.0,0.0,0.0,0.0,0.0,0.0,0.0,0.0,0.0,0.0,0.0,0.0,0.0,0.0,0.0,0.0,0.0,0.0,0.0,0.0,0.0,0.0,0.0,0.0,0.0,0.0,0.0,0.0,0.0,0.0,0.0,0.0,0.0,0.0,0.0,0.0,0.0,0.0,0.0,0.0,0.0,0.0,0.0,0.0,0.0,0.0,0.0,0.0,0.0,0.0,0.0,0.0,0.0,0.0,0.0,0.0,0.0,0.0
"Tacrolimus, Atazanavir",CYP3A5,*3,rs776746,0.5,0.866666666667,0.125,0.184210526316,0.271428571429,0.208333333333,0.245033112583,0.194444444444,0.0909090909091,0.2,0.5,0.633333333333,0.357142857143,0.272727272727,0.0,0.3,0.318181818182,0.4,0.625,0.25,0.21875,0.6,0.269230769231,0.269230769231,0.222222222222,0.55,0.4,0.227272727273,0.666666666667,0.4375,0.6,0.125,0.5,0.279411764706,0.394736842105,0.222222222222,0.75,0.590909090909,0.6,0.205882352941,0.772727272727,0.214285714286,0.166666666667,0.0833333333333,0.388888888889,0.423076923077,0.315789473684,0.277777777778,0.473684210526,0.25,0.15,0.413793103448,0.368421052632,0.25,0.291666666667,0.44,0.5625,0.267857142857,0.5625,0.1875,0.38,0.2,0.368421052632,0.555555555556,0.346153846154,0.0714285714286
Clopidogrel,CYP2C19,*35,rs12769205,0.111111111111,0.266666666667,0.220238095238,0.263157894737,0.385714285714,0.291666666667,0.303333333333,0.972222222222,0.5,0.4,0.409090909091,0.3,0.571428571429,0.455882352941,0.318181818182,0.2,0.181818181818,0.35,0.416666666667,0.375,0.125,0.55,0.346153846154,0.307692307692,0.444444444444,0.45,0.55,0.0909090909091,0.466666666667,0.3125,0.409090909091,0.25,0.681818181818,0.397058823529,0.5,0.416666666667,0.55,0.181818181818,0.4,0.176470588235,0.363636363636,0.357142857143,0.583333333333,0.333333333333,0.333333333333,0.307692307692,0.381578947368,0.444444444444,0.157894736842,0.0,0.55,0.344827586207,0.263157894737,0.4,0.375,0.22,0.1875,0.303571428571,0.21875,0.125,0.255,0.133333333333,0.263157894737,0.277777777778,0.346153846154,0.107142857143
Clopidogrel,CYP2C19,*2,rs4244285,0.111111111111,0.183333333333,0.220238095238,0.263157894737,0.385714285714,0.291666666667,0.303333333333,0.972222222222,0.5,0.4,0.409090909091,0.388888888889,0.571428571429,0.455882352941,0.318181818182,0.2,0.181818181818,0.35,0.416666666667,0.375,0.125,0.55,0.346153846154,0.307692307692,0.444444444444,0.45,0.55,0.0909090909091,0.466666666667,0.25,0.5,0.25,0.681818181818,0.397058823529,0.5,0.416666666667,0.55,0.181818181818,0.4,0.176470588235,0.363636363636,0.357142857143,0.583333333333,0.333333333333,0.375,0.333333333333,0.381578947368,0.444444444444,0.157894736842,0.0,0.5,0.344827586207,0.263157894737,0.4,0.409090909091,0.22,0.1875,0.303571428571,0.21875,0.125,0.255,0.133333333333,0.263157894737,0.277777777778,0.346153846154,0.107142857143
Clopidogrel,CYP2C19,*3,rs4986893,0.0833333333333,0.0,0.0952380952381,0.0526315789474,0.128571428571,0.125,0.0894039735099,0.0277777777778,0.136363636364,0.275,0.0,0.0,0.0,0.0147058823529,0.0,0.0,0.0454545454545,0.05,0.0,0.0,0.0625,0.0,0.0,0.0,0.111111111111,0.4,0.0,0.0,0.0333333333333,0.0,0.0,0.0,0.0,0.0147058823529,0.0,0.0,0.05,0.318181818182,0.0,0.0,0.0,0.0,0.0416666666667,0.0,0.0,0.0,0.0,0.0555555555556,0.0,0.125,0.0,0.137931034483,0.0526315789474,0.0,0.166666666667,0.08,0.0625,0.0714285714286,0.0,0.0,0.04,0.133333333333,0.0263157894737,0.0,0.0,0.0
Clopidogrel,CYP2C19,*4A,rs28399504,0,0.0,0.0,0.0,0.0,0.0,0.0,0.0,0.0,0.0,0.0,0.0,0.0,0.0,0.0,0.0,0.0,0.0,0.0,0.0,0.0,0.0,0.0,0.0,0.0,0.0,0.0,0.0,0.0,0.0,0.0,0.0,0.0,0.0,0.0,0.0,0.0,0.0,0.0,0.0,0.0,0.0,0.0,0.0,0.0,0.0,0.0,0.0,0.0,0.0,0.0,0.0689655172414,0.0,0.0,0.0,0.0,0.0,0.0,0.0,0.0,0.0,0.0,0.0,0.0,0.0,0.0
Clopidogrel,CYP2C19,*4B,rs12248560,0.166666666667,0.283333333333,0.0595238095238,0.0263157894737,0.0,0.125,0.00331125827815,0.0,0.0,0.0,0.318181818182,0.0769230769231,0.0,0.235294117647,0.136363636364,0.1,0.0,0.1,0.0833333333333,0.15,0.03125,0.0,0.134615384615,0.269230769231,0.0555555555556,0.0,0.15,0.136363636364,0.0333333333333,0.0625,0.0,0.208333333333,0.181818181818,0.242424242424,0.0789473684211,0.0,0.05,0.0,0.1,0.147058823529,0.0,0.107142857143,0.0416666666667,0.125,0.222222222222,0.230769230769,0.171052631579,0.0,0.263157894737,0.0,0.15,0.0,0.0,0.0,0.0,0.0,0.1875,0.0,0.03125,0.0,0.02,0.0,0.0,0.111111111111,0.115384615385,0.296296296296
Clopidogrel,CYP2C19,*16,rs192154563,0,0.0,0.0,0.0,0.0,0.0,0.0,0.0,0.0,0.0,0.0,0.0,0.0,0.0,0.0,0.0,0.0,0.0,0.0416666666667,0.0,0.0,0.0,0.0,0.0,0.0,0.0,0.0,0.0,0.0,0.0,0.0,0.0,0.0,0.0,0.0,0.0,0.0,0.0,0.0,0.0,0.0,0.0,0.0,0.0,0.0,0.0,0.0,0.0,0.0,0.0,0.0,0.0,0.0,0.0,0.0,0.0,0.0,0.0,0.0,0.0,0.0,0.0,0.0,0.0,0.0,0.0
Antidepressants,CYP2D6,*10,rs1065852,0.111111111111,0.1,0.186746987952,0.578947368421,0.455882352941,0.318181818182,0.503355704698,0.0,0.0454545454545,0.0,0.05,0.1,0.428571428571,0.183333333333,0.0909090909091,0.0,0.363636363636,0.25,0.291666666667,0.175,0.125,0.3,0.192307692308,0.192307692308,0.166666666667,0.4,0.25,0.227272727273,0.233333333333,0.25,0.0454545454545,0.0416666666667,0.181818181818,0.176470588235,0.184210526316,0.361111111111,0.2,0.0454545454545,0.333333333333,0.117647058824,0.227272727273,0.25,0.5,0.166666666667,0.166666666667,0.291666666667,0.171052631579,0.333333333333,0.0789473684211,0.5,0.2,0.482142857143,0.368421052632,0.2,0.583333333333,0.64,0.5,0.589285714286,0.5,0.5,0.570707070707,0.433333333333,0.342105263158,0.388888888889,0.5,0.285714285714
Antidepressants,CYP2D6,-,rs1081003,0,0.0862068965517,0.158536585366,0.578947368421,0.455882352941,0.291666666667,0.503355704698,0.0,0.0454545454545,0.0,0.0454545454545,0.1,0.178571428571,0.125,0.0454545454545,0.0,0.363636363636,0.15,0.291666666667,0.05,0.0625,0.15,0.134615384615,0.115384615385,0.166666666667,0.4,0.15,0.0909090909091,0.2,0.1875,0.0454545454545,0.0416666666667,0.0909090909091,0.0735294117647,0.0263157894737,0.305555555556,0.15,0.0454545454545,0.2,0.0294117647059,0.227272727273,0.0,0.416666666667,0.0833333333333,0.0555555555556,0.0416666666667,0.131578947368,0.277777777778,0.0789473684211,0.5,0.1,0.482142857143,0.368421052632,0.2,0.583333333333,0.64,0.1875,0.589285714286,0.3125,0.5,0.510101010101,0.433333333333,0.315789473684,0.388888888889,0.346153846154,0.0178571428571
Antidepressants,CYP2D6,*2,rs1135840,0.222222222222,0.448275862069,0.373493975904,0.25,0.397058823529,0.375,0.35,1.0,0.909090909091,1.0,0.45,0.4,0.428571428571,0.583333333333,0.65,0.45,0.409090909091,0.5,0.541666666667,0.475,0.46875,0.35,0.395833333333,0.461538461538,0.666666666667,0.5,0.5,0.363636363636,0.4,0.4375,0.5,0.583333333333,0.636363636364,0.352941176471,0.368421052632,0.323529411765,0.55,0.7,0.433333333333,0.352941176471,0.545454545455,0.321428571429,0.291666666667,0.318181818182,0.333333333333,0.346153846154,0.355263157895,0.333333333333,0.605263157895,0.0625,0.55,0.482142857143,0.421052631579,0.6,0.333333333333,0.1875,0.1875,0.303571428571,0.3125,0.3125,0.308080808081,0.333333333333,0.5,0.277777777778,0.461538461538,0.537037037037
Antidepressants,CYP2D6,*41,rs28371725,0.166666666667,0.0,0.0365853658537,0.0263157894737,0.0,0.0416666666667,0.0333333333333,0.0,0.0454545454545,0.0,0.3,0.166666666667,0.0357142857143,0.0967741935484,0.0,0.05,0.136363636364,0.05,0.0416666666667,0.175,0.09375,0.0,0.16,0.115384615385,0.125,0.0,0.2,0.0909090909091,0.133333333333,0.1875,0.227272727273,0.166666666667,0.0454545454545,0.0735294117647,0.0789473684211,0.0833333333333,0.15,0.0,0.133333333333,0.176470588235,0.136363636364,0.0714285714286,0.136363636364,0.125,0.388888888889,0.0769230769231,0.144736842105,0.222222222222,0.184210526316,0.1875,0.1,0.0,0.131578947368,0.0,0.0416666666667,0.1,0.25,0.0357142857143,0.15625,0.0,0.0555555555556,0.0666666666667,0.0526315789474,0.166666666667,0.0769230769231,0.0535714285714
Antidepressants,CYP2D6,-,rs769258,0,0.0,0.00602409638554,0.0263157894737,0.0,0.0,0.00333333333333,0.0,0.0,0.0,0.0,0.0333333333333,0.0,0.0322580645161,0.0,0.0,0.0,0.0,0.0,0.0,0.03125,0.0,0.0192307692308,0.0,0.0,0.0,0.0,0.0,0.0333333333333,0.0,0.0,0.0,0.0,0.0441176470588,0.0,0.0,0.0,0.0,0.0,0.0294117647059,0.0,0.0,0.0,0.0,0.0,0.0,0.0,0.0,0.0,0.0,0.0,0.0,0.0,0.0,0.0,0.0,0.0,0.0,0.0,0.0,0.0,0.0,0.0,0.0,0.0,0.0
Antidepressants,CYP2D6,*4,rs3892097,0.111111111111,0.0714285714286,0.0301204819277,0.0,0.0147058823529,0.0,0.00666666666667,0.0,0.0,0.0,0.0,0.0,0.25,0.0833333333333,0.0454545454545,0.0,0.0,0.1,0.0,0.15,0.133333333333,0.15,0.153846153846,0.153846153846,0.0,0.0,0.1,0.181818181818,0.166666666667,0.0625,0.0,0.0,0.0909090909091,0.117647058824,0.157894736842,0.0833333333333,0.15,0.0,0.133333333333,0.0882352941176,0.0,0.25,0.0416666666667,0.0833333333333,0.111111111111,0.230769230769,0.0657894736842,0.0625,0.0789473684211,0.0,0.1,0.0357142857143,0.0,0.0,0.0,0.0,0.3125,0.0,0.1875,0.0,0.0357142857143,0.0,0.0263157894737,0.0,0.125,0.285714285714
Warfarin,CYP2C9,*2,rs1799853,0,0.0,0.0,0.0,0.0,0.0416666666667,0.0,0.0,0.0,0.0,0.0,0.0,0.0,0.0294117647059,0.0454545454545,0.05,0.0,0.0,0.0,0.025,0.0625,0.0,0.0384615384615,0.0769230769231,0.0,0.0,0.0,0.0909090909091,0.0,0.0,0.0454545454545,0.0,0.0,0.0294117647059,0.0,0.0,0.0,0.0,0.0,0.0294117647059,0.0,0.0357142857143,0.0,0.0416666666667,0.0,0.0384615384615,0.0131578947368,0.0555555555556,0.105263157895,0.0,0.0,0.0,0.0,0.0,0.0,0.0,0.0,0.0,0.0,0.0,0.0,0.0,0.0,0.0,0.0,0.0535714285714
Warfarin,CYP2C9,*3,rs1057910,0,0.0,0.0416666666667,0.105263157895,0.0285714285714,0.0833333333333,0.046357615894,0.0,0.136363636364,0.1,0.136363636364,0.2,0.214285714286,0.0441176470588,0.0909090909091,0.15,0.136363636364,0.05,0.0833333333333,0.225,0.125,0.05,0.153846153846,0.0769230769231,0.0,0.15,0.05,0.181818181818,0.0,0.3125,0.3,0.0416666666667,0.0454545454545,0.0882352941176,0.105263157895,0.0555555555556,0.0,0.363636363636,0.266666666667,0.117647058824,0.0,0.0357142857143,0.125,0.125,0.166666666667,0.0769230769231,0.0526315789474,0.111111111111,0.157894736842,0.0625,0.05,0.0,0.0,0.15,0.0,0.04,0.1875,0.0178571428571,0.375,0.0,0.035,0.0,0.0263157894737,0.0555555555556,0.0769230769231,0.0535714285714
Warfarin,CYP4F2,*3,rs2108622,0.222222222222,0.0166666666667,0.327380952381,0.166666666667,0.257142857143,0.416666666667,0.323333333333,0.388888888889,0.681818181818,0.6,0.636363636364,0.5,0.464285714286,0.397058823529,0.227272727273,0.3,0.363636363636,0.55,0.458333333333,0.325,0.21875,0.35,0.519230769231,0.5,0.333333333333,0.45,0.25,0.318181818182,0.333333333333,0.4375,0.636363636364,0.375,0.363636363636,0.514705882353,0.5,0.305555555556,0.7,0.590909090909,0.566666666667,0.205882352941,0.545454545455,0.25,0.541666666667,0.375,0.388888888889,0.307692307692,0.447368421053,0.611111111111,0.473684210526,0.3125,0.45,0.172413793103,0.210526315789,0.4,0.25,0.1,0.5,0.232142857143,0.28125,0.3125,0.166666666667,0.133333333333,0.394736842105,0.166666666667,0.153846153846,0.321428571429
Warfarin,CYP4F2,*2,rs3093105,0.166666666667,0.266666666667,0.190476190476,0.0,0.1,0.125,0.129139072848,0.111111111111,0.454545454545,0.4,0.0454545454545,0.2,0.285714285714,0.212121212121,0.181818181818,0.05,0.0454545454545,0.45,0.208333333333,0.1,0.125,0.15,0.211538461538,0.153846153846,0.166666666667,0.05,0.05,0.181818181818,0.133333333333,0.125,0.136363636364,0.208333333333,0.181818181818,0.205882352941,0.0789473684211,0.0555555555556,0.25,0.136363636364,0.366666666667,0.147058823529,0.136363636364,0.0714285714286,0.25,0.125,0.0555555555556,0.0769230769231,0.236842105263,0.111111111111,0.184210526316,0.0,0.2,0.155172413793,0.0789473684211,0.05,0.125,0.02,0.0625,0.0178571428571,0.0,0.3125,0.06,0.0,0.263157894737,0.166666666667,0.0384615384615,0.160714285714
"Capecitabine, Fluorouracil",DPYD,*2A,rs3918290,0,0.0,0.0,0.0,0.0,0.0,0.0,0.0,0.0,0.0,0.0,0.0,0.0,0.0,0.0,0.0,0.0,0.0,0.0,0.0,0.0,0.0,0.0,0.0384615384615,0.0,0.0,0.0,0.0,0.0,0.0,0.0,0.0,0.0,0.0147058823529,0.0,0.0,0.0,0.0,0.0,0.0,0.0,0.0,0.0,0.0,0.0,0.0,0.0131578947368,0.0555555555556,0.131578947368,0.0,0.0,0.0,0.0,0.0,0.0,0.0,0.0,0.0,0.0,0.0,0.0,0.0,0.0,0.0,0.0,0.0
"Capecitabine, Fluorouracil",DPYD,NM_000110.3:c.2846A>T,rs67376798,0,0.0,0.0,0.0,0.0,0.0,0.0,0.0,0.0,0.0,0.0,0.0,0.0,0.0,0.0,0.0,0.0,0.0,0.0,0.0,0.0,0.0,0.0,0.0,0.0,0.0,0.0,0.0,0.0,0.0,0.0,0.0,0.0,0.0,0.0,0.0,0.0,0.0,0.0,0.0,0.0,0.0,0.0,0.0,0.0,0.0,0.0,0.0555555555556,0.0,0.0,0.0,0.0,0.0,0.0,0.0,0.0,0.0,0.0,0.0,0.0,0.0,0.0,0.0,0.0,0.0,0.0178571428571
Thiopurines,TPMT,*3C,rs1142345,0.0277777777778,0.1,0.00595238095238,0.0,0.0285714285714,0.0,0.0132450331126,0.0,0.0,0.0,0.0,0.0,0.0,0.0147058823529,0.0,0.1,0.0,0.0,0.0833333333333,0.025,0.0,0.0,0.0384615384615,0.0,0.0,0.0,0.0,0.0454545454545,0.0,0.0,0.0625,0.0,0.0,0.0147058823529,0.0,0.0833333333333,0.0,0.0,0.1,0.0,0.0,0.0,0.0833333333333,0.0416666666667,0.0,0.0384615384615,0.0394736842105,0.0,0.0,0.0,0.05,0.0172413793103,0.0526315789474,0.0,0.0,0.04,0.0,0.0357142857143,0.0,0.0,0.010101010101,0.0,0.0,0.0,0.0,0.0535714285714
Thiopurines,TPMT,*6,rs75543815,0,0.0,0.0,0.0384615384615,0.0,0.0,0.0,0.0,0.0,0.0,0.0,0.0,0.0,0.0,0.0,0.0,0.0,0.0,0.0,0.0,0.0,0.0,0.0,0.0,0.0,0.0,0.0,0.0,0.0,0.0,0.0,0.0,0.0,0.0,0.0,0.0,0.0,0.0,0.0,0.0,0.0,0.0,0.0,0.0,0.0,0.0,0.0,0.0,0.0,0.0,0.0,0.0,0.0,0.0,0.0,0.0,0.0,0.0,0.0,0.0,0.0,0.0,0.0,0.0,0.0,0.0
Thiopurines,TPMT,*8,rs56161402,0.0555555555556,0.0333333333333,0.0,0.0,0.0,0.0,0.0,0.0,0.0,0.0,0.0,0.0,0.0,0.0,0.0,0.0,0.0,0.0,0.0,0.0,0.0,0.0,0.0,0.0,0.0,0.0,0.0,0.0,0.0,0.0,0.0,0.0,0.0,0.0,0.0,0.0,0.0,0.0,0.0,0.0,0.0,0.0,0.0,0.0,0.0,0.0,0.0,0.0,0.0,0.0,0.0,0.0,0.0,0.0,0.0,0.0,0.0,0.0,0.0,0.0,0.0,0.0,0.0,0.0,0.0,0.0
Simvastatin,SLCO1B1,*15,rs2306283,0.805555555556,0.833333333333,0.765060240964,0.736842105263,0.657142857143,0.708333333333,0.668874172185,0.805555555556,0.772727272727,0.710526315789,0.863636363636,0.590909090909,0.821428571429,0.5,0.454545454545,0.65,0.909090909091,0.7,0.833333333333,0.5,0.53125,0.95,0.634615384615,0.615384615385,0.777777777778,0.85,0.85,0.272727272727,0.6,0.5625,0.625,0.625,0.636363636364,0.602941176471,0.7,0.805555555556,0.85,0.772727272727,0.6,0.5,0.636363636364,0.642857142857,0.625,0.5,0.4,0.461538461538,0.526315789474,0.5,0.210526315789,0.8125,0.5,0.655172413793,0.921052631579,0.75,0.666666666667,0.78,0.4375,0.875,0.625,0.75,0.735,0.75,0.868421052632,0.611111111111,0.692307692308,0.375
Simvastatin,SLCO1B1,*17,rs4149056,0.0555555555556,0.0166666666667,0.196428571429,0.0526315789474,0.142857142857,0.125,0.135761589404,0.333333333333,0.136363636364,0.0,0.0909090909091,0.0,0.142857142857,0.0441176470588,0.0909090909091,0.1,0.0454545454545,0.15,0.0416666666667,0.025,0.03125,0.1,0.0961538461538,0.115384615385,0.0555555555556,0.05,0.05,0.0454545454545,0.0357142857143,0.0714285714286,0.0,0.0,0.181818181818,0.0151515151515,0.0,0.138888888889,0.1,0.0,0.1,0.147058823529,0.0454545454545,0.0,0.0,0.0,0.0,0.0384615384615,0.0394736842105,0.0555555555556,0.0263157894737,0.0,0.142857142857,0.0,0.105263157895,0.0,0.0416666666667,0.104166666667,0.0,0.160714285714,0.03125,0.0,0.05,0.107142857143,0.210526315789,0.0555555555556,0.115384615385,0.173076923077
Atazanavir,UGT1A1,*6,rs4148323,0,0.0,0.190476190476,0.263157894737,0.157142857143,0.291666666667,0.185430463576,0.0,0.0,0.0,0.0454545454545,0.0,0.0,0.0294117647059,0.0,0.15,0.272727272727,0.05,0.125,0.0,0.15625,0.0,0.0384615384615,0.0,0.166666666667,0.0,0.0,0.0,0.0333333333333,0.125,0.0,0.0454545454545,0.0909090909091,0.0,0.0263157894737,0.0555555555556,0.05,0.0,0.0,0.0,0.0,0.0357142857143,0.166666666667,0.0,0.0,0.0384615384615,0.0394736842105,0.0555555555556,0.0,0.0,0.0,0.0,0.0263157894737,0.05,0.0416666666667,0.1,0.0,0.0892857142857,0.0,0.0,0.055,0.0333333333333,0.0,0.0,0.0769230769231,0.0
Atazanavir,UGT1A1,*28,rs35350960,0,0.0,0.0,0.0,0.0,0.0,0.0264900662252,0.0,0.0,0.0,0.0,0.0,0.0,0.0,0.0,0.0,0.0,0.0,0.0,0.0,0.0,0.0,0.0,0.0,0.0,0.0,0.0,0.0,0.0,0.0,0.0,0.0,0.0,0.0,0.0,0.0,0.0,0.0,0.0,0.0,0.0,0.0,0.0,0.0,0.0,0.0,0.0,0.0,0.0,0.0,0.0,0.051724137931,0.0263157894737,0.05,0.0416666666667,0.02,0.0625,0.0178571428571,0.0,0.0,0.035,0.0333333333333,0.0789473684211,0.0555555555556,0.0,0.0
Atazanavir,UGT1A1,*60,rs4124874,0.888888889,0.933333333,0.345238095,0.194444444,0.3,0.25,0.271523179,0.194444444,0.272727273,0.475,0.636363636,0.566666667,0.464285714,0.560606061,0.409090909,0.7,0.181818182,0.7,0.416666667,0.725,0.40625,0.6,0.576923077,0.5,0.222222222,0.8,0.666666667,0.681818182,0.666666667,0.8125,0.772727273,0.583333333,0.6,0.632352941,0.578947368,0.361111111,0.4,0.318181818,0.633333333,0.647058824,0.409090909,0.678571429,0.5,0.791666667,0.666666667,0.615384615,0.578947368,0.722222222,0.5,0.25,0.555555556,0.660714286,0.157894737,0.35,0.375,0.48,0.3125,0.267857143,0.09375,0.0,0.445,0.1,0.421052632,0.277777778,0.192307692,0.375
Warfarin,VKORC1,*4,rs17708472,0.138888888889,0.0172413793103,0.0178571428571,0.0,0.0,0.0,0.0,0.0,0.0,0.0,0.0,0.2,0.0,0.0625,0.0909090909091,0.25,0.0,0.0,0.0,0.225,0.15625,0.111111111111,0.0769230769231,0.192307692308,0.0,0.0,0.0,0.25,0.0357142857143,0.0,0.0909090909091,0.0833333333333,0.0,0.0588235294118,0.0277777777778,0.0,0.0,0.0,0.0333333333333,0.176470588235,0.0454545454545,0.214285714286,0.0,0.125,0.166666666667,0.0384615384615,0.0789473684211,0.166666666667,0.305555555556,0.0,0.05,0.0,0.0,0.0,0.0,0.0,0.0,0.0,0.0,0.0,0.005,0.0,0.0,0.0,0.0384615384615,0.285714285714
Warfarin,VKORC1,*2,rs9923231,0.138888888889,0.0666666666667,0.880952380952,1.0,0.957142857143,0.863636363636,0.94,0.0555555555556,0.272727272727,0.3,0.0909090909091,0.266666666667,0.107142857143,0.147058823529,0.363636363636,0.3,0.590909090909,0.15,0.166666666667,0.2,0.59375,0.35,0.0961538461538,0.153846153846,0.444444444444,0.1,0.0,0.181818181818,0.1,0.25,0.227272727273,0.125,0.0,0.147058823529,0.157894736842,0.555555555556,0.05,0.227272727273,0.0666666666667,0.176470588235,0.0,0.107142857143,0.333333333333,0.272727272727,0.166666666667,0.115384615385,0.0526315789474,0.0,0.105263157895,0.5625,0.1,0.534482758621,0.710526315789,0.75,0.708333333333,0.84,0.4375,0.928571428571,0.4375,0.6875,0.765,0.933333333333,0.631578947368,0.777777777778,0.730769230769,0.375
